Skill_1,Skill_2,Educational_Qualifications,Job_Role
Problem Solving,Java,Bachelor of Science,Software Developer
Communication,Project Management,MBA,Project Manager
Data Analysis,Machine Learning,Master of Science,Machine Learning Engineer
Cybersecurity,Linux,Bachelor of Engineering,Cybersecurity Analyst
Teaching,Subject Expertise,Master of Arts,Teacher
Pharmacology,Patient Care,Master of Science,Pharmacist
Marketing Strategy,Brand Management,MBA,Marketing Manager
SEO,Social Media,MBA,Marketing Manager
Documentation,Data Analysis,MBA,Business Analyst
Subject Expertise,Research,PhD in Computer Science,Professor
Subject Expertise,Teaching,PhD in Computer Science,Professor
Risk Assessment,Negotiation,Master of Law,Legal Advisor
Electronics,Embedded Systems,Master of Engineering,Electrical Engineer
Brand Management,Marketing Strategy,Master of Business Administration,Marketing Manager
Leadership,Marketing Strategy,Master of Business Administration,Marketing Manager
Communication,Emergency Handling,Bachelor of Nursing,Nurse
Conflict Resolution,Communication,Bachelor of Arts,HR Executive
Data Analysis,Chemistry,PhD in Biology,Medical Researcher
Budgeting,Communication,MBA,Project Manager
Illustration,Adobe Photoshop,Master of Arts,Graphic Designer
Java,SQL,Master of Science,Software Developer
Chemistry,Data Analysis,Master of Science,Medical Researcher
Routing,Networking,Bachelor of Science,Network Engineer
Publication Writing,Teaching,PhD in Psychology,Professor
Surveying,Construction Planning,Bachelor of Engineering,Civil Engineer
Leadership,CAD Design,Master of Engineering,Civil Engineer
Circuit Design,Project Management,Bachelor of Engineering,Electrical Engineer
Materials Science,Thermodynamics,Master of Engineering,Mechanical Engineer
Accounting,Data Analysis,Master of Business Administration,Financial Analyst
Negotiation,Documentation,Master of Law,Legal Advisor
Communication,Emergency Handling,Master of Nursing,Nurse
Clinical Practice,Surgery,Master of Medicine,Doctor
Project Management,Scheduling,Master of Business Administration,Project Manager
Behavioral Analysis,Counseling,PhD in Psychology,Psychologist
Nursing,Emergency Handling,Master of Nursing,Nurse
Curriculum Design,Teaching,Master of Arts,Education Consultant
Cybersecurity,Networking,Master of Science,Cybersecurity Analyst
Emergency Handling,Patient Care,Master of Nursing,Nurse
Problem Solving,SQL,Bachelor of Science,Software Developer
Electronics,Project Management,Master of Engineering,Electrical Engineer
AI,Data Analysis,Master of Science,Machine Learning Engineer
Project Management,Leadership,MBA,Project Manager
Clinical Practice,Anatomy,Bachelor of Medicine and Surgery,Doctor
C++,Data Structures,Bachelor of Science,Software Developer
Financial Analysis,Accounting,Bachelor of Commerce,Financial Analyst
Ethical Hacking,Linux,Master of Science,Cybersecurity Analyst
Data Analysis,Statistics,Bachelor of Science,Data Analyst
Graphic Design,Illustration,Master of Arts,Graphic Designer
Conflict Resolution,Recruitment,MBA,HR Executive
Communication,Research,Master of Science,Psychologist
Surgery,Anatomy,Master of Medicine,Doctor
Counseling,Research,PhD in Psychology,Psychologist
Routing,Cloud Computing,Bachelor of Engineering,Network Engineer
Thermodynamics,CAD Design,Bachelor of Engineering,Mechanical Engineer
Communication,Leadership,Master of Business Administration,Project Manager
Teaching,Classroom Management,Bachelor of Arts,Teacher
Python,C++,Bachelor of Science,Software Developer
Networking,Cybersecurity,Bachelor of Engineering,Cybersecurity Analyst
Deep Learning,Statistics,PhD in Computer Science,Machine Learning Engineer
Curriculum Design,Counseling,PhD in Education,Education Consultant
SQL,Visualization,Bachelor of Science,Data Analyst
Communication,Leadership,MBA,Business Analyst
Cybersecurity,Ethical Hacking,Bachelor of Engineering,Cybersecurity Analyst
Communication,Nursing,Master of Nursing,Nurse
Communication,Teaching,Bachelor of Arts,Teacher
Statistics,SQL,Bachelor of Science,Data Analyst
Excel,SQL,Master of Science,Data Analyst
Materials Science,Project Management,Master of Engineering,Mechanical Engineer
Patient Care,Chemistry,Bachelor of Science,Pharmacist
SEO,Marketing Strategy,Master of Business Administration,Marketing Manager
Visualization,Data Analysis,Master of Science,Data Analyst
Python,Data Analysis,Bachelor of Science,Data Analyst
Linux,Risk Assessment,Master of Science,Cybersecurity Analyst
Communication,Teaching,Master of Arts,Teacher
Publication Writing,Teaching,PhD in Biology,Professor
Java,Python,Bachelor of Science,Software Developer
Data Analysis,Laboratory Skills,Master of Science,Medical Researcher
Creativity,Adobe Photoshop,Bachelor of Arts,Graphic Designer
Forecasting,Excel,Bachelor of Commerce,Financial Analyst
C++,SQL,Bachelor of Science,Software Developer
Structural Design,Creative Thinking,Bachelor of Architecture,Architect
Python,Problem Solving,Master of Science,Software Developer
Brand Management,Leadership,Master of Business Administration,Marketing Manager
Communication,Classroom Management,Master of Arts,Teacher
Teaching,Subject Expertise,PhD in Computer Science,Professor
Forecasting,Financial Analysis,Master of Business Administration,Financial Analyst
Negotiation,Legal Research,Bachelor of Law,Legal Advisor
Communication,HR Management,Bachelor of Arts,HR Executive
Attention to Detail,Pharmacology,Bachelor of Science,Pharmacist
Behavioral Analysis,Research,PhD in Psychology,Psychologist
C++,Problem Solving,Bachelor of Engineering,Software Developer
SQL,Statistics,Bachelor of Science,Data Analyst
Laboratory Skills,Chemistry,PhD in Biology,Medical Researcher
Brand Management,Marketing Strategy,MBA,Marketing Manager
Data Analysis,Visualization,Master of Science,Data Analyst
Cloud Computing,Switching,Bachelor of Science,Network Engineer
Creativity,Graphic Design,Master of Arts,Graphic Designer
Communication,Conflict Resolution,Bachelor of Arts,HR Executive
Construction Planning,Surveying,Master of Engineering,Civil Engineer
Java,Problem Solving,Bachelor of Science,Software Developer
SQL,C++,Bachelor of Science,Software Developer
Subject Expertise,Teaching,PhD in Psychology,Professor
Curriculum Design,Educational Research,PhD in Education,Education Consultant
Communication,Data Analysis,MBA,Business Analyst
C++,Java,Master of Science,Software Developer
Cloud Computing,Network Security,Bachelor of Science,Network Engineer
Clinical Practice,Medical Diagnosis,Bachelor of Medicine and Surgery,Doctor
Ethical Hacking,Linux,Bachelor of Engineering,Cybersecurity Analyst
Data Structures,SQL,Master of Science,Software Developer
C++,Problem Solving,Master of Science,Software Developer
Project Management,Thermodynamics,Bachelor of Engineering,Mechanical Engineer
Attention to Detail,Patient Care,Bachelor of Science,Pharmacist
Scheduling,Project Management,MBA,Project Manager
Marketing Strategy,SEO,Master of Business Administration,Marketing Manager
Data Analysis,Python,Master of Science,Machine Learning Engineer
Research,Publication Writing,PhD in Biology,Professor
Adobe Photoshop,Graphic Design,Bachelor of Arts,Graphic Designer
Social Media,Marketing Strategy,MBA,Marketing Manager
Communication,Data Analysis,Bachelor of Commerce,Business Analyst
Anatomy,Medical Diagnosis,Master of Medicine,Doctor
Subject Expertise,Classroom Management,Bachelor of Arts,Teacher
Public Speaking,Negotiation,Master of Law,Lawyer
Legal Research,Documentation,Bachelor of Law,Legal Advisor
Financial Analysis,Excel,Bachelor of Commerce,Financial Analyst
SEO,Leadership,MBA,Marketing Manager
Risk Assessment,Legal Research,Master of Law,Legal Advisor
Risk Assessment,Linux,Master of Science,Cybersecurity Analyst
SQL,Java,Bachelor of Engineering,Software Developer
Data Structures,C++,Bachelor of Engineering,Software Developer
Scheduling,Project Management,Master of Business Administration,Project Manager
Leadership,Project Management,MBA,Business Analyst
Switching,Cloud Computing,Bachelor of Science,Network Engineer
Python,Statistics,Master of Science,Data Analyst
Laboratory Skills,Data Analysis,Master of Science,Medical Researcher
Structural Design,CAD Design,Bachelor of Architecture,Architect
Medical Diagnosis,Clinical Practice,Master of Medicine,Doctor
Project Planning,CAD Design,Master of Architecture,Architect
CAD Design,Creative Thinking,Master of Architecture,Architect
Statistics,Python,Master of Science,Data Analyst
Java,Python,Bachelor of Engineering,Software Developer
Adobe Photoshop,Creativity,Bachelor of Arts,Graphic Designer
Financial Analysis,Accounting,Master of Business Administration,Financial Analyst
Data Analysis,Documentation,MBA,Business Analyst
Visualization,Statistics,Master of Science,Data Analyst
Documentation,Communication,MBA,Business Analyst
Networking,Cloud Computing,Bachelor of Engineering,Network Engineer
SQL,Java,Master of Science,Software Developer
Curriculum Design,Teaching,PhD in Education,Education Consultant
Thermodynamics,CAD Design,Master of Engineering,Mechanical Engineer
Leadership,Social Media,MBA,Marketing Manager
Excel,Forecasting,Master of Business Administration,Financial Analyst
SQL,Data Analysis,Bachelor of Science,Data Analyst
Legal Research,Risk Assessment,Bachelor of Law,Legal Advisor
Leadership,Project Management,Bachelor of Commerce,Business Analyst
Patient Care,Attention to Detail,Master of Science,Pharmacist
Pharmacology,Attention to Detail,Master of Science,Pharmacist
CAD Design,Project Planning,Master of Architecture,Architect
Project Management,Leadership,MBA,Business Analyst
Emergency Handling,Nursing,Bachelor of Nursing,Nurse
Teaching,Curriculum Design,Master of Arts,Education Consultant
HR Management,Communication,MBA,HR Executive
Teaching,Counseling,PhD in Education,Education Consultant
HR Management,Conflict Resolution,MBA,HR Executive
Networking,Cloud Computing,Bachelor of Science,Network Engineer
Linux,Ethical Hacking,Master of Science,Cybersecurity Analyst
Forecasting,Excel,Master of Business Administration,Financial Analyst
Linux,Networking,Bachelor of Engineering,Cybersecurity Analyst
Cloud Computing,Networking,Bachelor of Science,Network Engineer
Java,SQL,Bachelor of Science,Software Developer
Marketing Strategy,Social Media,Master of Business Administration,Marketing Manager
Data Analysis,Deep Learning,Master of Science,Machine Learning Engineer
CAD Design,Construction Planning,Bachelor of Engineering,Civil Engineer
Visualization,Python,Master of Science,Data Analyst
CAD Design,Surveying,Bachelor of Engineering,Civil Engineer
Attention to Detail,Chemistry,Master of Science,Pharmacist
Budgeting,Scheduling,MBA,Project Manager
Recruitment,Conflict Resolution,MBA,HR Executive
C++,Python,Master of Science,Software Developer
Data Analysis,Deep Learning,PhD in Computer Science,Machine Learning Engineer
HR Management,Recruitment,MBA,HR Executive
Surgery,Clinical Practice,Master of Medicine,Doctor
Leadership,Budgeting,MBA,Project Manager
Embedded Systems,Project Management,Bachelor of Engineering,Electrical Engineer
Anatomy,Surgery,Bachelor of Medicine and Surgery,Doctor
Leadership,Surveying,Bachelor of Engineering,Civil Engineer
Chemistry,Pharmacology,Master of Science,Pharmacist
Accounting,Data Analysis,Bachelor of Commerce,Financial Analyst
Medical Diagnosis,Patient Care,Bachelor of Medicine and Surgery,Doctor
Data Analysis,Biology,Master of Science,Medical Researcher
Patient Care,Clinical Practice,Bachelor of Medicine and Surgery,Doctor
Recruitment,Communication,MBA,HR Executive
Communication,Documentation,MBA,Business Analyst
Legal Research,Public Speaking,Master of Law,Lawyer
Data Structures,Java,Master of Science,Software Developer
Data Analysis,Python,PhD in Computer Science,Machine Learning Engineer
Communication,Project Management,Bachelor of Commerce,Business Analyst
Linux,Cybersecurity,Master of Science,Cybersecurity Analyst
Surveying,Leadership,Bachelor of Engineering,Civil Engineer
Data Analysis,Documentation,Bachelor of Commerce,Business Analyst
Forecasting,Data Analysis,Master of Business Administration,Financial Analyst
Research,Subject Expertise,PhD in Computer Science,Professor
Leadership,Social Media,Master of Business Administration,Marketing Manager
Statistics,Excel,Master of Science,Data Analyst
Budgeting,Leadership,MBA,Project Manager
Cloud Computing,Switching,Bachelor of Engineering,Network Engineer
Communication,Patient Care,Bachelor of Nursing,Nurse
Python,Problem Solving,Bachelor of Science,Software Developer
Emergency Handling,Communication,Master of Nursing,Nurse
Educational Research,Curriculum Design,PhD in Education,Education Consultant
Nursing,Emergency Handling,Bachelor of Nursing,Nurse
CAD Design,Thermodynamics,Master of Engineering,Mechanical Engineer
Leadership,Communication,MBA,Project Manager
Linux,Cybersecurity,Bachelor of Engineering,Cybersecurity Analyst
Behavioral Analysis,Communication,Master of Science,Psychologist
Behavioral Analysis,Counseling,Master of Science,Psychologist
SEO,Brand Management,Master of Business Administration,Marketing Manager
Data Analysis,Accounting,Bachelor of Commerce,Financial Analyst
Budgeting,Communication,Master of Business Administration,Project Manager
Problem Solving,SQL,Bachelor of Engineering,Software Developer
AI,Machine Learning,PhD in Computer Science,Machine Learning Engineer
Documentation,Negotiation,Bachelor of Law,Legal Advisor
Documentation,Risk Assessment,Bachelor of Law,Legal Advisor
Counseling,Behavioral Analysis,Master of Science,Psychologist
Scheduling,Budgeting,MBA,Project Manager
HR Management,Recruitment,Bachelor of Arts,HR Executive
Public Speaking,Negotiation,Bachelor of Law,Lawyer
Clinical Practice,Surgery,Bachelor of Medicine and Surgery,Doctor
Surveying,CAD Design,Master of Engineering,Civil Engineer
Risk Assessment,Documentation,Master of Law,Legal Advisor
Circuit Design,Electronics,Master of Engineering,Electrical Engineer
Legal Research,Negotiation,Master of Law,Lawyer
Excel,Forecasting,Bachelor of Commerce,Financial Analyst
Project Management,Embedded Systems,Bachelor of Engineering,Electrical Engineer
Statistics,Data Analysis,Master of Science,Data Analyst
CAD Design,Leadership,Bachelor of Engineering,Civil Engineer
Machine Learning,AI,Master of Science,Machine Learning Engineer
Communication,Conflict Resolution,MBA,HR Executive
Patient Care,Medical Diagnosis,Master of Medicine,Doctor
CAD Design,Project Management,Bachelor of Engineering,Mechanical Engineer
Machine Learning,Statistics,PhD in Computer Science,Machine Learning Engineer
C++,Data Structures,Bachelor of Engineering,Software Developer
Social Media,Leadership,Master of Business Administration,Marketing Manager
Data Analysis,Python,Bachelor of Science,Data Analyst
C++,SQL,Master of Science,Software Developer
Research,Counseling,Master of Science,Psychologist
Python,Data Structures,Bachelor of Engineering,Software Developer
Budgeting,Project Management,Master of Business Administration,Project Manager
Structural Design,Creative Thinking,Master of Architecture,Architect
Leadership,Communication,MBA,Business Analyst
Data Analysis,Financial Analysis,Bachelor of Commerce,Financial Analyst
Research,Publication Writing,PhD in Computer Science,Professor
Risk Assessment,Networking,Master of Science,Cybersecurity Analyst
Excel,Python,Bachelor of Science,Data Analyst
Excel,Python,Master of Science,Data Analyst
Data Analysis,Machine Learning,PhD in Computer Science,Machine Learning Engineer
Machine Learning,Deep Learning,Master of Science,Machine Learning Engineer
Python,C++,Master of Science,Software Developer
Subject Expertise,Teaching,Master of Arts,Teacher
Python,Statistics,Master of Science,Machine Learning Engineer
Leadership,Project Management,MBA,Project Manager
Surgery,Anatomy,Bachelor of Medicine and Surgery,Doctor
Financial Analysis,Forecasting,Master of Business Administration,Financial Analyst
Data Analysis,AI,Master of Science,Machine Learning Engineer
Statistics,Machine Learning,Master of Science,Machine Learning Engineer
SQL,Problem Solving,Bachelor of Engineering,Software Developer
CAD Design,Structural Design,Bachelor of Architecture,Architect
Data Analysis,Forecasting,Master of Business Administration,Financial Analyst
Java,Problem Solving,Bachelor of Engineering,Software Developer
Counseling,Research,Master of Science,Psychologist
Public Speaking,Legal Research,Master of Law,Lawyer
Materials Science,CAD Design,Master of Engineering,Mechanical Engineer
Statistics,Deep Learning,Master of Science,Machine Learning Engineer
Linux,Risk Assessment,Bachelor of Engineering,Cybersecurity Analyst
Ethical Hacking,Risk Assessment,Master of Science,Cybersecurity Analyst
Documentation,Leadership,Bachelor of Commerce,Business Analyst
Excel,Data Analysis,Bachelor of Commerce,Financial Analyst
Statistics,Python,Bachelor of Science,Data Analyst
Communication,Project Management,Master of Business Administration,Project Manager
Legal Research,Risk Assessment,Master of Law,Legal Advisor
Project Planning,Creative Thinking,Bachelor of Architecture,Architect
Problem Solving,C++,Bachelor of Science,Software Developer
Chemistry,Patient Care,Bachelor of Science,Pharmacist
Visualization,SQL,Master of Science,Data Analyst
Embedded Systems,Circuit Design,Bachelor of Engineering,Electrical Engineer
Python,SQL,Bachelor of Engineering,Software Developer
Leadership,SEO,Master of Business Administration,Marketing Manager
SEO,Social Media,Master of Business Administration,Marketing Manager
Creativity,Graphic Design,Bachelor of Arts,Graphic Designer
Problem Solving,Java,Bachelor of Engineering,Software Developer
Project Management,Materials Science,Bachelor of Engineering,Mechanical Engineer
Data Analysis,Leadership,Bachelor of Commerce,Business Analyst
Surgery,Medical Diagnosis,Master of Medicine,Doctor
Java,C++,Bachelor of Engineering,Software Developer
Teaching,Communication,Bachelor of Arts,Teacher
Construction Planning,CAD Design,Master of Engineering,Civil Engineer
Attention to Detail,Chemistry,Bachelor of Science,Pharmacist
Networking,Network Security,Bachelor of Engineering,Network Engineer
Project Management,Circuit Design,Bachelor of Engineering,Electrical Engineer
Behavioral Analysis,Communication,PhD in Psychology,Psychologist
Teaching,Subject Expertise,Bachelor of Arts,Teacher
Medical Diagnosis,Anatomy,Master of Medicine,Doctor
Python,Java,Bachelor of Science,Software Developer
Legal Research,Case Analysis,Master of Law,Lawyer
Adobe Photoshop,Illustration,Master of Arts,Graphic Designer
Excel,SQL,Bachelor of Science,Data Analyst
Problem Solving,Python,Bachelor of Science,Software Developer
Cloud Computing,Routing,Bachelor of Engineering,Network Engineer
Leadership,SEO,MBA,Marketing Manager
Data Analysis,Accounting,Master of Business Administration,Financial Analyst
Project Management,Budgeting,Master of Business Administration,Project Manager
Anatomy,Surgery,Master of Medicine,Doctor
Data Analysis,AI,PhD in Computer Science,Machine Learning Engineer
Anatomy,Clinical Practice,Bachelor of Medicine and Surgery,Doctor
Patient Care,Attention to Detail,Bachelor of Science,Pharmacist
Cybersecurity,Risk Assessment,Bachelor of Engineering,Cybersecurity Analyst
Surgery,Medical Diagnosis,Bachelor of Medicine and Surgery,Doctor
Public Speaking,Case Analysis,Master of Law,Lawyer
Data Analysis,Excel,Master of Business Administration,Financial Analyst
Clinical Practice,Patient Care,Master of Medicine,Doctor
Medical Diagnosis,Surgery,Bachelor of Medicine and Surgery,Doctor
Nursing,Communication,Master of Nursing,Nurse
Python,AI,PhD in Computer Science,Machine Learning Engineer
Communication,Behavioral Analysis,PhD in Psychology,Psychologist
Teaching,Publication Writing,PhD in Psychology,Professor
AI,Machine Learning,Master of Science,Machine Learning Engineer
Network Security,Cloud Computing,Bachelor of Science,Network Engineer
Subject Expertise,Teaching,Bachelor of Arts,Teacher
Project Management,Materials Science,Master of Engineering,Mechanical Engineer
Data Structures,Python,Bachelor of Engineering,Software Developer
Python,Data Analysis,Master of Science,Data Analyst
Medical Diagnosis,Clinical Practice,Bachelor of Medicine and Surgery,Doctor
Conflict Resolution,Communication,MBA,HR Executive
Data Analysis,SQL,Master of Science,Data Analyst
Visualization,Excel,Bachelor of Science,Data Analyst
Chemistry,Laboratory Skills,Master of Science,Medical Researcher
Visualization,Python,Bachelor of Science,Data Analyst
Case Analysis,Negotiation,Bachelor of Law,Lawyer
Excel,Statistics,Bachelor of Science,Data Analyst
Accounting,Forecasting,Bachelor of Commerce,Financial Analyst
Pharmacology,Attention to Detail,Bachelor of Science,Pharmacist
Creative Thinking,CAD Design,Master of Architecture,Architect
CAD Design,Surveying,Master of Engineering,Civil Engineer
Publication Writing,Research,PhD in Computer Science,Professor
Pharmacology,Chemistry,Master of Science,Pharmacist
Python,SQL,Master of Science,Data Analyst
C++,Java,Bachelor of Science,Software Developer
Communication,Leadership,Bachelor of Commerce,Business Analyst
SQL,Python,Master of Science,Software Developer
Python,SQL,Master of Science,Software Developer
Forecasting,Accounting,Bachelor of Commerce,Financial Analyst
AI,Python,Master of Science,Machine Learning Engineer
Project Management,Thermodynamics,Master of Engineering,Mechanical Engineer
Communication,Patient Care,Master of Nursing,Nurse
Classroom Management,Communication,Master of Arts,Teacher
Subject Expertise,Publication Writing,PhD in Biology,Professor
Deep Learning,Data Analysis,Master of Science,Machine Learning Engineer
Project Planning,Creative Thinking,Master of Architecture,Architect
Behavioral Analysis,Research,Master of Science,Psychologist
AI,Deep Learning,PhD in Computer Science,Machine Learning Engineer
Research,Behavioral Analysis,Master of Science,Psychologist
Teaching,Subject Expertise,PhD in Psychology,Professor
CAD Design,Project Management,Master of Engineering,Mechanical Engineer
Switching,Network Security,Bachelor of Science,Network Engineer
Case Analysis,Legal Research,Master of Law,Lawyer
Excel,Accounting,Master of Business Administration,Financial Analyst
Chemistry,Patient Care,Master of Science,Pharmacist
SQL,Data Structures,Master of Science,Software Developer
C++,Python,Bachelor of Science,Software Developer
Leadership,Communication,Bachelor of Commerce,Business Analyst
Network Security,Switching,Bachelor of Science,Network Engineer
Leadership,Project Management,Master of Business Administration,Project Manager
Chemistry,Data Analysis,PhD in Biology,Medical Researcher
Data Analysis,Project Management,Bachelor of Commerce,Business Analyst
Linux,Networking,Master of Science,Cybersecurity Analyst
Illustration,Creativity,Bachelor of Arts,Graphic Designer
Communication,Leadership,MBA,Project Manager
Project Management,CAD Design,Bachelor of Engineering,Mechanical Engineer
Forecasting,Accounting,Master of Business Administration,Financial Analyst
Negotiation,Public Speaking,Bachelor of Law,Lawyer
Python,Problem Solving,Bachelor of Engineering,Software Developer
Network Security,Networking,Bachelor of Engineering,Network Engineer
Data Structures,C++,Master of Science,Software Developer
Forecasting,Data Analysis,Bachelor of Commerce,Financial Analyst
Ethical Hacking,Networking,Master of Science,Cybersecurity Analyst
Research,Counseling,PhD in Psychology,Psychologist
Thermodynamics,Materials Science,Master of Engineering,Mechanical Engineer
Adobe Photoshop,Graphic Design,Master of Arts,Graphic Designer
Construction Planning,Leadership,Master of Engineering,Civil Engineer
Financial Analysis,Data Analysis,Master of Business Administration,Financial Analyst
Counseling,Teaching,Master of Arts,Education Consultant
Cybersecurity,Ethical Hacking,Master of Science,Cybersecurity Analyst
Cybersecurity,Risk Assessment,Master of Science,Cybersecurity Analyst
Data Analysis,Statistics,Master of Science,Data Analyst
Communication,Recruitment,MBA,HR Executive
Budgeting,Scheduling,Master of Business Administration,Project Manager
Publication Writing,Subject Expertise,PhD in Psychology,Professor
Marketing Strategy,Brand Management,Master of Business Administration,Marketing Manager
AI,Statistics,PhD in Computer Science,Machine Learning Engineer
Research,Subject Expertise,PhD in Biology,Professor
Teaching,Educational Research,PhD in Education,Education Consultant
AI,Statistics,Master of Science,Machine Learning Engineer
SQL,Problem Solving,Master of Science,Software Developer
Publication Writing,Subject Expertise,PhD in Biology,Professor
Pharmacology,Patient Care,Bachelor of Science,Pharmacist
Networking,Routing,Bachelor of Engineering,Network Engineer
SQL,Data Structures,Bachelor of Science,Software Developer
Attention to Detail,Patient Care,Master of Science,Pharmacist
Data Analysis,Statistics,Master of Science,Machine Learning Engineer
Routing,Switching,Bachelor of Engineering,Network Engineer
Legal Research,Negotiation,Bachelor of Law,Legal Advisor
Patient Care,Pharmacology,Bachelor of Science,Pharmacist
Risk Assessment,Linux,Bachelor of Engineering,Cybersecurity Analyst
SQL,Python,Master of Science,Data Analyst
Teaching,Curriculum Design,PhD in Education,Education Consultant
Statistics,Visualization,Master of Science,Data Analyst
SQL,Excel,Bachelor of Science,Data Analyst
Graphic Design,Illustration,Bachelor of Arts,Graphic Designer
Brand Management,Social Media,Master of Business Administration,Marketing Manager
Networking,Linux,Master of Science,Cybersecurity Analyst
Java,Data Structures,Master of Science,Software Developer
Adobe Photoshop,Creativity,Master of Arts,Graphic Designer
Scheduling,Leadership,Master of Business Administration,Project Manager
Project Management,CAD Design,Master of Engineering,Mechanical Engineer
Data Analysis,Communication,MBA,Business Analyst
Patient Care,Nursing,Master of Nursing,Nurse
Visualization,Data Analysis,Bachelor of Science,Data Analyst
Cloud Computing,Routing,Bachelor of Science,Network Engineer
Creativity,Adobe Photoshop,Master of Arts,Graphic Designer
SQL,Visualization,Master of Science,Data Analyst
Risk Assessment,Networking,Bachelor of Engineering,Cybersecurity Analyst
Counseling,Communication,PhD in Psychology,Psychologist
Creative Thinking,Project Planning,Bachelor of Architecture,Architect
Creative Thinking,CAD Design,Bachelor of Architecture,Architect
Switching,Cloud Computing,Bachelor of Engineering,Network Engineer
Social Media,Brand Management,MBA,Marketing Manager
Research,Communication,PhD in Psychology,Psychologist
Python,Machine Learning,Master of Science,Machine Learning Engineer
Legal Research,Public Speaking,Bachelor of Law,Lawyer
Patient Care,Chemistry,Master of Science,Pharmacist
Circuit Design,Project Management,Master of Engineering,Electrical Engineer
Case Analysis,Negotiation,Master of Law,Lawyer
Communication,Project Management,MBA,Business Analyst
Networking,Switching,Bachelor of Science,Network Engineer
Leadership,Surveying,Master of Engineering,Civil Engineer
Marketing Strategy,Social Media,MBA,Marketing Manager
Leadership,Scheduling,Master of Business Administration,Project Manager
Social Media,SEO,Master of Business Administration,Marketing Manager
Laboratory Skills,Data Analysis,PhD in Biology,Medical Researcher
Problem Solving,SQL,Master of Science,Software Developer
Forecasting,Financial Analysis,Bachelor of Commerce,Financial Analyst
Data Analysis,Project Management,MBA,Business Analyst
Teaching,Research,PhD in Psychology,Professor
Routing,Network Security,Bachelor of Engineering,Network Engineer
AI,Data Analysis,PhD in Computer Science,Machine Learning Engineer
Illustration,Creativity,Master of Arts,Graphic Designer
Curriculum Design,Educational Research,Master of Arts,Education Consultant
Data Analysis,SQL,Bachelor of Science,Data Analyst
C++,Python,Bachelor of Engineering,Software Developer
Documentation,Negotiation,Master of Law,Legal Advisor
Illustration,Graphic Design,Master of Arts,Graphic Designer
Visualization,Statistics,Bachelor of Science,Data Analyst
HR Management,Conflict Resolution,Bachelor of Arts,HR Executive
Communication,Counseling,PhD in Psychology,Psychologist
Circuit Design,Embedded Systems,Master of Engineering,Electrical Engineer
Case Analysis,Legal Research,Bachelor of Law,Lawyer
Emergency Handling,Communication,Bachelor of Nursing,Nurse
Deep Learning,Python,Master of Science,Machine Learning Engineer
Brand Management,SEO,Master of Business Administration,Marketing Manager
Anatomy,Patient Care,Master of Medicine,Doctor
SQL,Python,Bachelor of Engineering,Software Developer
Creative Thinking,Structural Design,Bachelor of Architecture,Architect
Python,Data Analysis,Master of Science,Machine Learning Engineer
Statistics,Excel,Bachelor of Science,Data Analyst
Subject Expertise,Research,PhD in Psychology,Professor
CAD Design,Materials Science,Bachelor of Engineering,Mechanical Engineer
Python,Machine Learning,PhD in Computer Science,Machine Learning Engineer
Research,Teaching,PhD in Computer Science,Professor
Problem Solving,Java,Master of Science,Software Developer
Accounting,Excel,Bachelor of Commerce,Financial Analyst
Conflict Resolution,HR Management,Bachelor of Arts,HR Executive
Creativity,Illustration,Bachelor of Arts,Graphic Designer
Patient Care,Pharmacology,Master of Science,Pharmacist
Excel,Financial Analysis,Bachelor of Commerce,Financial Analyst
Financial Analysis,Forecasting,Bachelor of Commerce,Financial Analyst
CAD Design,Construction Planning,Master of Engineering,Civil Engineer
Machine Learning,Data Analysis,Master of Science,Machine Learning Engineer
Medical Diagnosis,Anatomy,Bachelor of Medicine and Surgery,Doctor
Project Management,Communication,Bachelor of Commerce,Business Analyst
Project Management,Circuit Design,Master of Engineering,Electrical Engineer
Machine Learning,Deep Learning,PhD in Computer Science,Machine Learning Engineer
Project Management,Data Analysis,MBA,Business Analyst
Network Security,Routing,Bachelor of Science,Network Engineer
Accounting,Financial Analysis,Master of Business Administration,Financial Analyst
Python,Data Structures,Bachelor of Science,Software Developer
Deep Learning,Machine Learning,Master of Science,Machine Learning Engineer
Subject Expertise,Research,PhD in Biology,Professor
Marketing Strategy,SEO,MBA,Marketing Manager
Project Management,Leadership,Bachelor of Commerce,Business Analyst
Leadership,Construction Planning,Master of Engineering,Civil Engineer
Java,Data Structures,Bachelor of Engineering,Software Developer
Project Management,Budgeting,MBA,Project Manager
Leadership,Communication,Master of Business Administration,Project Manager
Leadership,Marketing Strategy,MBA,Marketing Manager
Financial Analysis,Excel,Master of Business Administration,Financial Analyst
SQL,Data Structures,Bachelor of Engineering,Software Developer
Classroom Management,Subject Expertise,Bachelor of Arts,Teacher
Deep Learning,Statistics,Master of Science,Machine Learning Engineer
Chemistry,Pharmacology,Bachelor of Science,Pharmacist
Python,Java,Master of Science,Software Developer
Machine Learning,Data Analysis,PhD in Computer Science,Machine Learning Engineer
Cloud Computing,Networking,Bachelor of Engineering,Network Engineer
SEO,Brand Management,MBA,Marketing Manager
Curriculum Design,Counseling,Master of Arts,Education Consultant
Communication,Counseling,Master of Science,Psychologist
Classroom Management,Teaching,Master of Arts,Teacher
Educational Research,Teaching,Master of Arts,Education Consultant
Data Analysis,Statistics,PhD in Computer Science,Machine Learning Engineer
Social Media,Brand Management,Master of Business Administration,Marketing Manager
Nursing,Patient Care,Master of Nursing,Nurse
Python,Data Structures,Master of Science,Software Developer
Data Analysis,Visualization,Bachelor of Science,Data Analyst
Data Analysis,Excel,Bachelor of Commerce,Financial Analyst
Networking,Switching,Bachelor of Engineering,Network Engineer
Data Analysis,Chemistry,Master of Science,Medical Researcher
Creative Thinking,Structural Design,Master of Architecture,Architect
Python,Data Analysis,PhD in Computer Science,Machine Learning Engineer
Excel,Data Analysis,Bachelor of Science,Data Analyst
Chemistry,Attention to Detail,Bachelor of Science,Pharmacist
Statistics,Python,Master of Science,Machine Learning Engineer
SEO,Leadership,Master of Business Administration,Marketing Manager
Subject Expertise,Classroom Management,Master of Arts,Teacher
Graphic Design,Creativity,Master of Arts,Graphic Designer
Negotiation,Legal Research,Master of Law,Legal Advisor
Communication,Behavioral Analysis,Master of Science,Psychologist
Teaching,Research,PhD in Computer Science,Professor
Patient Care,Communication,Master of Nursing,Nurse
Graphic Design,Creativity,Bachelor of Arts,Graphic Designer
Data Structures,SQL,Bachelor of Science,Software Developer
Embedded Systems,Circuit Design,Master of Engineering,Electrical Engineer
Python,Deep Learning,PhD in Computer Science,Machine Learning Engineer
Risk Assessment,Documentation,Bachelor of Law,Legal Advisor
Machine Learning,Python,PhD in Computer Science,Machine Learning Engineer
Problem Solving,Python,Bachelor of Engineering,Software Developer
Patient Care,Nursing,Bachelor of Nursing,Nurse
SQL,Problem Solving,Bachelor of Science,Software Developer
Project Planning,CAD Design,Bachelor of Architecture,Architect
Emergency Handling,Nursing,Master of Nursing,Nurse
Research,Behavioral Analysis,PhD in Psychology,Psychologist
Clinical Practice,Anatomy,Master of Medicine,Doctor
Brand Management,SEO,MBA,Marketing Manager
Data Analysis,Biology,PhD in Biology,Medical Researcher
Networking,Ethical Hacking,Master of Science,Cybersecurity Analyst
Problem Solving,C++,Master of Science,Software Developer
Classroom Management,Communication,Bachelor of Arts,Teacher
Budgeting,Leadership,Master of Business Administration,Project Manager
Leadership,Data Analysis,MBA,Business Analyst
Networking,Cybersecurity,Master of Science,Cybersecurity Analyst
Python,C++,Bachelor of Engineering,Software Developer
Structural Design,Project Planning,Master of Architecture,Architect
Data Analysis,Communication,Bachelor of Commerce,Business Analyst
Patient Care,Clinical Practice,Master of Medicine,Doctor
Structural Design,Project Planning,Bachelor of Architecture,Architect
Circuit Design,Electronics,Bachelor of Engineering,Electrical Engineer
Subject Expertise,Communication,Master of Arts,Teacher
Machine Learning,Python,Master of Science,Machine Learning Engineer
Electronics,Circuit Design,Master of Engineering,Electrical Engineer
CAD Design,Thermodynamics,Bachelor of Engineering,Mechanical Engineer
Anatomy,Patient Care,Bachelor of Medicine and Surgery,Doctor
Project Planning,Structural Design,Master of Architecture,Architect
Counseling,Teaching,PhD in Education,Education Consultant
CAD Design,Structural Design,Master of Architecture,Architect
Deep Learning,AI,PhD in Computer Science,Machine Learning Engineer
Public Speaking,Legal Research,Bachelor of Law,Lawyer
Statistics,Python,PhD in Computer Science,Machine Learning Engineer
Counseling,Behavioral Analysis,PhD in Psychology,Psychologist
Negotiation,Public Speaking,Master of Law,Lawyer
Communication,Subject Expertise,Master of Arts,Teacher
SQL,Python,Bachelor of Science,Data Analyst
Linux,Ethical Hacking,Bachelor of Engineering,Cybersecurity Analyst
Communication,Research,PhD in Psychology,Psychologist
Excel,Statistics,Master of Science,Data Analyst
Project Management,Communication,MBA,Project Manager
Budgeting,Project Management,MBA,Project Manager
Statistics,Visualization,Bachelor of Science,Data Analyst
Problem Solving,Data Structures,Bachelor of Science,Software Developer
Deep Learning,Python,PhD in Computer Science,Machine Learning Engineer
Communication,Budgeting,Master of Business Administration,Project Manager
Construction Planning,CAD Design,Bachelor of Engineering,Civil Engineer
Ethical Hacking,Risk Assessment,Bachelor of Engineering,Cybersecurity Analyst
Electronics,Circuit Design,Bachelor of Engineering,Electrical Engineer
Classroom Management,Subject Expertise,Master of Arts,Teacher
Problem Solving,Data Structures,Bachelor of Engineering,Software Developer
Publication Writing,Teaching,PhD in Computer Science,Professor
Java,C++,Master of Science,Software Developer
Recruitment,HR Management,Bachelor of Arts,HR Executive
Network Security,Routing,Bachelor of Engineering,Network Engineer
Marketing Strategy,Leadership,Master of Business Administration,Marketing Manager
Documentation,Risk Assessment,Master of Law,Legal Advisor
Biology,Chemistry,PhD in Biology,Medical Researcher
Subject Expertise,Publication Writing,PhD in Psychology,Professor
Legal Research,Case Analysis,Bachelor of Law,Lawyer
Network Security,Networking,Bachelor of Science,Network Engineer
Social Media,SEO,MBA,Marketing Manager
Scheduling,Communication,Master of Business Administration,Project Manager
Deep Learning,Data Analysis,PhD in Computer Science,Machine Learning Engineer
Publication Writing,Research,PhD in Psychology,Professor
Thermodynamics,Materials Science,Bachelor of Engineering,Mechanical Engineer
Pharmacology,Chemistry,Bachelor of Science,Pharmacist
Clinical Practice,Medical Diagnosis,Master of Medicine,Doctor
Statistics,Machine Learning,PhD in Computer Science,Machine Learning Engineer
Deep Learning,Machine Learning,PhD in Computer Science,Machine Learning Engineer
Case Analysis,Public Speaking,Master of Law,Lawyer
Surveying,Construction Planning,Master of Engineering,Civil Engineer
Negotiation,Documentation,Bachelor of Law,Legal Advisor
Excel,Data Analysis,Master of Business Administration,Financial Analyst
Conflict Resolution,Recruitment,Bachelor of Arts,HR Executive
Accounting,Financial Analysis,Bachelor of Commerce,Financial Analyst
Statistics,Deep Learning,PhD in Computer Science,Machine Learning Engineer
Data Analysis,Excel,Bachelor of Science,Data Analyst
Counseling,Curriculum Design,Master of Arts,Education Consultant
Public Speaking,Case Analysis,Bachelor of Law,Lawyer
AI,Python,PhD in Computer Science,Machine Learning Engineer
Creative Thinking,Project Planning,Master of Architecture,Architect
AI,Deep Learning,Master of Science,Machine Learning Engineer
Negotiation,Legal Research,Master of Law,Lawyer
Switching,Routing,Bachelor of Engineering,Network Engineer
Marketing Strategy,Leadership,MBA,Marketing Manager
Leadership,Budgeting,Master of Business Administration,Project Manager
Python,Visualization,Bachelor of Science,Data Analyst
Python,Deep Learning,Master of Science,Machine Learning Engineer
Networking,Risk Assessment,Bachelor of Engineering,Cybersecurity Analyst
Project Management,Communication,Master of Business Administration,Project Manager
Network Security,Switching,Bachelor of Engineering,Network Engineer
Communication,Scheduling,Master of Business Administration,Project Manager
Materials Science,Thermodynamics,Bachelor of Engineering,Mechanical Engineer
Data Analysis,Excel,Master of Science,Data Analyst
Communication,Scheduling,MBA,Project Manager
Communication,Classroom Management,Bachelor of Arts,Teacher
Subject Expertise,Communication,Bachelor of Arts,Teacher
Surveying,CAD Design,Bachelor of Engineering,Civil Engineer
Risk Assessment,Cybersecurity,Bachelor of Engineering,Cybersecurity Analyst
Project Management,Electronics,Master of Engineering,Electrical Engineer
CAD Design,Leadership,Master of Engineering,Civil Engineer
Construction Planning,Surveying,Bachelor of Engineering,Civil Engineer
Documentation,Legal Research,Bachelor of Law,Legal Advisor
Educational Research,Curriculum Design,Master of Arts,Education Consultant
Publication Writing,Research,PhD in Biology,Professor
Leadership,Data Analysis,Bachelor of Commerce,Business Analyst
CAD Design,Project Planning,Bachelor of Architecture,Architect
Emergency Handling,Patient Care,Bachelor of Nursing,Nurse
Routing,Networking,Bachelor of Engineering,Network Engineer
Electronics,Project Management,Bachelor of Engineering,Electrical Engineer
Recruitment,HR Management,MBA,HR Executive
Anatomy,Medical Diagnosis,Bachelor of Medicine and Surgery,Doctor
Excel,Data Analysis,Master of Science,Data Analyst
Networking,Linux,Bachelor of Engineering,Cybersecurity Analyst
Thermodynamics,Project Management,Bachelor of Engineering,Mechanical Engineer
Negotiation,Case Analysis,Master of Law,Lawyer
Data Analysis,Leadership,MBA,Business Analyst
Ethical Hacking,Cybersecurity,Master of Science,Cybersecurity Analyst
Teaching,Research,PhD in Biology,Professor
Brand Management,Social Media,MBA,Marketing Manager
Teaching,Classroom Management,Master of Arts,Teacher
Project Management,Leadership,Master of Business Administration,Project Manager
Circuit Design,Embedded Systems,Bachelor of Engineering,Electrical Engineer
Excel,Financial Analysis,Master of Business Administration,Financial Analyst
Networking,Network Security,Bachelor of Science,Network Engineer
Legal Research,Documentation,Master of Law,Legal Advisor
Legal Research,Negotiation,Master of Law,Legal Advisor
SEO,Marketing Strategy,MBA,Marketing Manager
Project Management,Data Analysis,Bachelor of Commerce,Business Analyst
Documentation,Communication,Bachelor of Commerce,Business Analyst
Cybersecurity,Linux,Master of Science,Cybersecurity Analyst
CAD Design,Creative Thinking,Bachelor of Architecture,Architect
Research,Teaching,PhD in Biology,Professor
Surgery,Patient Care,Master of Medicine,Doctor
Data Analysis,Financial Analysis,Master of Business Administration,Financial Analyst
Patient Care,Emergency Handling,Master of Nursing,Nurse
Risk Assessment,Negotiation,Bachelor of Law,Legal Advisor
Adobe Photoshop,Illustration,Bachelor of Arts,Graphic Designer
Leadership,Construction Planning,Bachelor of Engineering,Civil Engineer
Embedded Systems,Electronics,Bachelor of Engineering,Electrical Engineer
Legal Research,Negotiation,Bachelor of Law,Lawyer
Educational Research,Counseling,PhD in Education,Education Consultant
Negotiation,Risk Assessment,Bachelor of Law,Legal Advisor
Teaching,Counseling,Master of Arts,Education Consultant
Data Analysis,Laboratory Skills,PhD in Biology,Medical Researcher
Structural Design,CAD Design,Master of Architecture,Architect
Research,Communication,Master of Science,Psychologist
Python,SQL,Bachelor of Science,Data Analyst
Network Security,Cloud Computing,Bachelor of Engineering,Network Engineer
Machine Learning,Statistics,Master of Science,Machine Learning Engineer
Nursing,Patient Care,Bachelor of Nursing,Nurse
Data Structures,Python,Bachelor of Science,Software Developer
Chemistry,Attention to Detail,Master of Science,Pharmacist
Python,Statistics,PhD in Computer Science,Machine Learning Engineer
Classroom Management,Teaching,Bachelor of Arts,Teacher
Creativity,Illustration,Master of Arts,Graphic Designer
Counseling,Curriculum Design,PhD in Education,Education Consultant
Surveying,Leadership,Master of Engineering,Civil Engineer
SQL,Data Analysis,Master of Science,Data Analyst
Laboratory Skills,Biology,PhD in Biology,Medical Researcher
Routing,Switching,Bachelor of Science,Network Engineer
Chemistry,Biology,PhD in Biology,Medical Researcher
Subject Expertise,Publication Writing,PhD in Computer Science,Professor
Recruitment,Communication,Bachelor of Arts,HR Executive
Chemistry,Biology,Master of Science,Medical Researcher
CAD Design,Materials Science,Master of Engineering,Mechanical Engineer
Cybersecurity,Networking,Bachelor of Engineering,Cybersecurity Analyst
Leadership,Documentation,Bachelor of Commerce,Business Analyst
Project Management,Documentation,MBA,Business Analyst
Counseling,Educational Research,PhD in Education,Education Consultant
Networking,Risk Assessment,Master of Science,Cybersecurity Analyst
Data Structures,SQL,Bachelor of Engineering,Software Developer
Negotiation,Risk Assessment,Master of Law,Legal Advisor
Embedded Systems,Project Management,Master of Engineering,Electrical Engineer
Negotiation,Case Analysis,Bachelor of Law,Lawyer
Attention to Detail,Pharmacology,Master of Science,Pharmacist
Subject Expertise,Teaching,PhD in Biology,Professor
Statistics,SQL,Master of Science,Data Analyst
Biology,Chemistry,Master of Science,Medical Researcher
Project Management,Scheduling,MBA,Project Manager
Patient Care,Surgery,Bachelor of Medicine and Surgery,Doctor
SQL,Java,Bachelor of Science,Software Developer
Problem Solving,Data Structures,Master of Science,Software Developer
Risk Assessment,Ethical Hacking,Bachelor of Engineering,Cybersecurity Analyst
SQL,Excel,Master of Science,Data Analyst
C++,Java,Bachelor of Engineering,Software Developer
Materials Science,CAD Design,Bachelor of Engineering,Mechanical Engineer
Risk Assessment,Cybersecurity,Master of Science,Cybersecurity Analyst
Anatomy,Clinical Practice,Master of Medicine,Doctor
Documentation,Project Management,MBA,Business Analyst
Brand Management,Leadership,MBA,Marketing Manager
Scheduling,Budgeting,Master of Business Administration,Project Manager
Teaching,Publication Writing,PhD in Computer Science,Professor
Project Management,Communication,MBA,Business Analyst
Counseling,Communication,Master of Science,Psychologist
Surgery,Patient Care,Bachelor of Medicine and Surgery,Doctor
Statistics,Data Analysis,Bachelor of Science,Data Analyst
Java,Python,Master of Science,Software Developer
Medical Diagnosis,Surgery,Master of Medicine,Doctor
Documentation,Legal Research,Master of Law,Legal Advisor
SQL,Statistics,Master of Science,Data Analyst
Illustration,Adobe Photoshop,Bachelor of Arts,Graphic Designer
Patient Care,Communication,Bachelor of Nursing,Nurse
Python,SQL,Bachelor of Science,Software Developer
Data Structures,Java,Bachelor of Science,Software Developer
Machine Learning,AI,PhD in Computer Science,Machine Learning Engineer
Java,SQL,Bachelor of Engineering,Software Developer
Surgery,Clinical Practice,Bachelor of Medicine and Surgery,Doctor
Documentation,Leadership,MBA,Business Analyst
Statistics,Data Analysis,Master of Science,Machine Learning Engineer
Ethical Hacking,Cybersecurity,Bachelor of Engineering,Cybersecurity Analyst
Python,Java,Bachelor of Engineering,Software Developer
Excel,Accounting,Bachelor of Commerce,Financial Analyst
Materials Science,Project Management,Bachelor of Engineering,Mechanical Engineer
Teaching,Educational Research,Master of Arts,Education Consultant
Educational Research,Teaching,PhD in Education,Education Consultant
Leadership,Brand Management,MBA,Marketing Manager
Publication Writing,Subject Expertise,PhD in Computer Science,Professor
Switching,Network Security,Bachelor of Engineering,Network Engineer
Counseling,Educational Research,Master of Arts,Education Consultant
HR Management,Communication,Bachelor of Arts,HR Executive
Communication,HR Management,MBA,HR Executive
Graphic Design,Adobe Photoshop,Bachelor of Arts,Graphic Designer
Switching,Networking,Bachelor of Engineering,Network Engineer
Ethical Hacking,Networking,Bachelor of Engineering,Cybersecurity Analyst
Python,AI,Master of Science,Machine Learning Engineer
Biology,Laboratory Skills,PhD in Biology,Medical Researcher
Educational Research,Counseling,Master of Arts,Education Consultant
Leadership,Scheduling,MBA,Project Manager
Teaching,Subject Expertise,PhD in Biology,Professor
Clinical Practice,Patient Care,Bachelor of Medicine and Surgery,Doctor
Electronics,Embedded Systems,Bachelor of Engineering,Electrical Engineer
Python,Excel,Master of Science,Data Analyst
Chemistry,Laboratory Skills,PhD in Biology,Medical Researcher
Documentation,Project Management,Bachelor of Commerce,Business Analyst
C++,SQL,Bachelor of Engineering,Software Developer
Leadership,CAD Design,Bachelor of Engineering,Civil Engineer
Laboratory Skills,Biology,Master of Science,Medical Researcher
Data Analysis,Python,Master of Science,Data Analyst
Networking,Ethical Hacking,Bachelor of Engineering,Cybersecurity Analyst
Data Structures,C++,Bachelor of Science,Software Developer
Project Management,Embedded Systems,Master of Engineering,Electrical Engineer
Communication,Nursing,Bachelor of Nursing,Nurse
Communication,Budgeting,MBA,Project Manager
Recruitment,Conflict Resolution,Bachelor of Arts,HR Executive
Leadership,Documentation,MBA,Business Analyst
Python,Statistics,Bachelor of Science,Data Analyst
Accounting,Excel,Master of Business Administration,Financial Analyst
Biology,Data Analysis,Master of Science,Medical Researcher
Data Analysis,Forecasting,Bachelor of Commerce,Financial Analyst
Embedded Systems,Electronics,Master of Engineering,Electrical Engineer
Cloud Computing,Network Security,Bachelor of Engineering,Network Engineer
C++,Problem Solving,Bachelor of Science,Software Developer
Social Media,Marketing Strategy,Master of Business Administration,Marketing Manager
Case Analysis,Public Speaking,Bachelor of Law,Lawyer
Documentation,Data Analysis,Bachelor of Commerce,Business Analyst
Routing,Cloud Computing,Bachelor of Science,Network Engineer
Statistics,AI,PhD in Computer Science,Machine Learning Engineer
Illustration,Graphic Design,Bachelor of Arts,Graphic Designer
Risk Assessment,Legal Research,Bachelor of Law,Legal Advisor
Patient Care,Medical Diagnosis,Bachelor of Medicine and Surgery,Doctor
Graphic Design,Adobe Photoshop,Master of Arts,Graphic Designer
Nursing,Communication,Bachelor of Nursing,Nurse
Networking,Routing,Bachelor of Science,Network Engineer
Laboratory Skills,Chemistry,Master of Science,Medical Researcher
Biology,Data Analysis,PhD in Biology,Medical Researcher
Teaching,Publication Writing,PhD in Biology,Professor
Deep Learning,AI,Master of Science,Machine Learning Engineer
Construction Planning,Leadership,Bachelor of Engineering,Civil Engineer
Research,Publication Writing,PhD in Psychology,Professor
Patient Care,Surgery,Master of Medicine,Doctor
Research,Teaching,PhD in Psychology,Professor
Patient Care,Emergency Handling,Bachelor of Nursing,Nurse
Java,Data Structures,Bachelor of Science,Software Developer
Patient Care,Anatomy,Bachelor of Medicine and Surgery,Doctor
Biology,Laboratory Skills,Master of Science,Medical Researcher
Thermodynamics,Project Management,Master of Engineering,Mechanical Engineer
Switching,Routing,Bachelor of Science,Network Engineer
Java,Problem Solving,Master of Science,Software Developer
Leadership,Brand Management,Master of Business Administration,Marketing Manager
Communication,Recruitment,Bachelor of Arts,HR Executive
Statistics,Data Analysis,PhD in Computer Science,Machine Learning Engineer
Switching,Networking,Bachelor of Science,Network Engineer
Statistics,AI,Master of Science,Machine Learning Engineer
Communication,Documentation,Bachelor of Commerce,Business Analyst
Project Planning,Structural Design,Bachelor of Architecture,Architect
Scheduling,Leadership,MBA,Project Manager
Patient Care,Anatomy,Master of Medicine,Doctor
Financial Analysis,Data Analysis,Bachelor of Commerce,Financial Analyst
Project Management,Electronics,Bachelor of Engineering,Electrical Engineer
Social Media,Leadership,MBA,Marketing Manager
Communication,Subject Expertise,Bachelor of Arts,Teacher
Python,Visualization,Master of Science,Data Analyst
Teaching,Communication,Master of Arts,Teacher
Excel,Visualization,Master of Science,Data Analyst
Project Management,Documentation,Bachelor of Commerce,Business Analyst
Excel,Visualization,Bachelor of Science,Data Analyst
Conflict Resolution,HR Management,MBA,HR Executive
Accounting,Forecasting,Master of Business Administration,Financial Analyst
Risk Assessment,Ethical Hacking,Master of Science,Cybersecurity Analyst
Medical Diagnosis,Patient Care,Master of Medicine,Doctor
Visualization,Excel,Master of Science,Data Analyst
Negotiation,Legal Research,Bachelor of Law,Lawyer
SQL,Python,Bachelor of Science,Software Developer
Research,Subject Expertise,PhD in Psychology,Professor
SQL,C++,Bachelor of Engineering,Software Developer
Python,Excel,Bachelor of Science,Data Analyst
Routing,Network Security,Bachelor of Science,Network Engineer
Scheduling,Communication,MBA,Project Manager
Visualization,SQL,Bachelor of Science,Data Analyst
